Workbook

Sheet 01
D1: BIỂU CUNG CẤP DỮ LIỆU VẬN CHUYỂN (01/CCTT-DVVC)
B3: STT | C3: Mã quản lý khách hàng sử dụng dịch vụ vận chuyển | D3: Tên gian hàng | E3: Tên chủ gian hàng | F3: Loại khách hàng (Tổ chức/Cá nhân) | G3: Loại giấy tờ (CMND/ CCCD/ Hộ chiếu/Số giấy chứng nhận ĐKKD) | H3: Số CMND/ CCCD/ Hộ chiếu/Số giấy chứng nhận ĐKKD) | I3: MST | J3: email liên hệ | K3: Số điện thoại liên hệ | L3: Thông tin địa chỉ trụ sở của khách hàng sử dụng dịch vụ vận chuyển | Q3: Thông tin tài khoản của khách hàng sử dụng dịch vụ vận chuyển | T3: Thông tin sử dụng dịch vụ vận chuyển | X3: Mã loại khách hàng (Tổ chức/Cá nhân) | Y3: Mã loại giấy tờ (CMND/ CCCD/ Hộ chiếu/Số giấy chứng nhận ĐKKD) | Z3: Mã Quốc gia
L4: Quốc gia | M4: Tỉnh/thành phố | N4: Quận/huyện | O4: Phường/xã/thị trấn | P4: Số nhà đường, phố | Q4: Số tài khoản | R4: Chủ tài khoản | S4: Tên ngân hàng | T4: Số lượt sử dụng dịch vụ vận chuyển thành công | V4: Tổng giá trị đơn vị vận chuyển đã thu tiền hộ (COD) | W4: Tổng phí dịch vụ vận chuyển thu được của khách hàng sử dụng dịch vụ vận chuyển
T5: Sử dụng dịch vụ vận chuyển kèm thu tiền hộ (COD). | U5: Sử dụng dịch vụ vận chuyển không kèm thu tiền hộ.
B6: (1) | C6: (2) | D6: (3) | E6: (4) | F6: (5) | G6: (6) | H6: (7) | I6: (8) | J6: (9) | K6: (10) | L6: (11) | M6: (12) | N6: (13) | O6: (14) | P6: (15) | Q6: (16) | R6: (17) | S6: (18) | T6: (19) | U6: (20) | V6: (21) | W6: (22)
B7: 1 | T7: 0 | U7: 0 | V7: 0 | W7: 0 | X7: =IF(ISNA(""&VLOOKUP(F7,Data!$E$2:$F$3,2,FALSE)),"",""&VLOOKUP(F7,Data!$E$2:$F$3,2,FALSE)) | Y7: =IF(ISNA(""&VLOOKUP(G7,Data!$H$2:$I$5,2,FALSE)),"",""&VLOOKUP(G7,Data!$H$2:$I$5,2,FALSE)) | Z7: =IF(ISNA(""&VLOOKUP(L7,Data!$A$2:$B$275,2,FALSE)),"",""&VLOOKUP(L7,Data!$A$2:$B$275,2,FALSE))
B8: 2 | T8: 0 | U8: 0 | V8: 0 | W8: 0 | X8: =IF(ISNA(""&VLOOKUP(F8,Data!$E$2:$F$3,2,FALSE)),"",""&VLOOKUP(F8,Data!$E$2:$F$3,2,FALSE)) | Y8: =IF(ISNA(""&VLOOKUP(G8,Data!$H$2:$I$5,2,FALSE)),"",""&VLOOKUP(G8,Data!$H$2:$I$5,2,FALSE)) | Z8: =IF(ISNA(""&VLOOKUP(L8,Data!$A$2:$B$275,2,FALSE)),"",""&VLOOKUP(L8,Data!$A$2:$B$275,2,FALSE))
B9: 3 | T9: 0 | U9: 0 | V9: 0 | W9: 0 | X9: =IF(ISNA(""&VLOOKUP(F9,Data!$E$2:$F$3,2,FALSE)),"",""&VLOOKUP(F9,Data!$E$2:$F$3,2,FALSE)) | Y9: =IF(ISNA(""&VLOOKUP(G9,Data!$H$2:$I$5,2,FALSE)),"",""&VLOOKUP(G9,Data!$H$2:$I$5,2,FALSE)) | Z9: =IF(ISNA(""&VLOOKUP(L9,Data!$A$2:$B$275,2,FALSE)),"",""&VLOOKUP(L9,Data!$A$2:$B$275,2,FALSE))
B10: 4 | T10: 0 | U10: 0 | V10: 0 | W10: 0 | X10: =IF(ISNA(""&VLOOKUP(F10,Data!$E$2:$F$3,2,FALSE)),"",""&VLOOKUP(F10,Data!$E$2:$F$3,2,FALSE)) | Y10: =IF(ISNA(""&VLOOKUP(G10,Data!$H$2:$I$5,2,FALSE)),"",""&VLOOKUP(G10,Data!$H$2:$I$5,2,FALSE)) | Z10: =IF(ISNA(""&VLOOKUP(L10,Data!$A$2:$B$275,2,FALSE)),"",""&VLOOKUP(L10,Data!$A$2:$B$275,2,FALSE))
B11: 5 | T11: 0 | U11: 0 | V11: 0 | W11: 0 | X11: =IF(ISNA(""&VLOOKUP(F11,Data!$E$2:$F$3,2,FALSE)),"",""&VLOOKUP(F11,Data!$E$2:$F$3,2,FALSE)) | Y11: =IF(ISNA(""&VLOOKUP(G11,Data!$H$2:$I$5,2,FALSE)),"",""&VLOOKUP(G11,Data!$H$2:$I$5,2,FALSE)) | Z11: =IF(ISNA(""&VLOOKUP(L11,Data!$A$2:$B$275,2,FALSE)),"",""&VLOOKUP(L11,Data!$A$2:$B$275,2,FALSE))

Sheet Data
A1: Quốc gia | B1: Mã Quốc gia | E1: Loại khách hàng (Tổ chức/Cá nhân) | F1: Mã Loại khách hàng (Tổ chức/Cá nhân) | H1: Loại giấy tờ (CMND/ CCCD/ Hộ chiếu/Số giấy chứng nhận ĐKKD) | I1: Mã Loại giấy tờ (CMND/ CCCD/ Hộ chiếu/Số giấy chứng nhận ĐKKD)
A2: Afghanistan | B2: AF | E2: CN | F2: 02 | H2: CCCD | I2: 01
A3: Ailen (Ireland) | B3: IE | E3: TC | F3: 01 | H3: CMND | I3: 02
A4: Algeria | B4: DZ | H4: Hộ chiếu | I4: 03
A5: Amer.Virgin Is. | B5: VI | H5: GCNKD | I5: 04
A6: An Ba Ni | B6: AL
A7: Ấn Độ | B7: IN
A8: Andorran | B8: AD
A9: Angola | B9: AO
A10: Anguilla | B10: AI
A11: Anh | B11: GB
A12: Antarctica | B12: AQ
A13: Antigua/Barbuda | B13: AG
A14: Áo | B14: AT
A15: Argentina | B15: AR
A16: Armenia | B16: AM
A17: Aruba | B17: AW
... A275: Khác | B275: ZZ

Sheet HDSD
A1: BIỂU CUNG CẤP DỮ LIỆU VẬN CHUYỂN (01/CCTT-DVVC)
A2: STT | B2: Tên trường | C2: Kiểu dữ liệu | D2: Cell | E2: Mô Tả | F2: Thuộc tính | G2: Ràng buộc
A3: 1 | B3: (1) STT | C3: Num(20) | D3: A6:A65534 | E3: Số thứ tự | F3: Tự động tăng | G3: Giá trị lớn hơn 0. Cho phép tối đa 20 chữ số
A4: 2 | B4: (2) Mã quản lý khách hàng sử dụng dịch vụ vận chuyển | C4: Char | D4: B6:B65534 | E4: =B4 -> (2) Mã quản lý khách hàng sử dụng dịch vụ vận chuyển | F4: Bắt buộc nhập | G4: Cho phép tối đa 100 kí tự
A5: 3 | B5: (3) Tên gian hàng | C5: Char | D5: C6:C65534 | E5: =B5 -> (3) Tên gian hàng | F5: Không bắt buộc | G5: Cho phép tối đa 100 kí tự
A6: 4 | B6: (4) Tên chủ gian hàng | C6: Char | E6: =B6 -> (4) Tên chủ gian hàng | F6: Bắt buộc nhập | G6: Cho phép tối đa 100 kí tự
A7: 5 | B7: (5) Loại khách hàng (Tổ chức/Cá nhân) | C7: Char | E7: =B7 -> (5) Loại khách hàng (Tổ chức/Cá nhân) | F7: Không bắt buộc | G7: Cho phép tối đa 100 kí tự
A8: 6 | B8: (6) Loại giấy tờ (CMND/ CCCD/ Hộ chiếu/Số giấy chứng nhận ĐKKD) | C8: Char | D8: D6:D65534 | E8: =B8 -> (6) Loại giấy tờ (CMND/ CCCD/ Hộ chiếu/Số giấy chứng nhận ĐKKD) | F8: Bắt buộc nhập | G8: Cho phép tối đa 100 kí tự
A9: 7 | B9: (7) Số CMND/ CCCD/ Hộ chiếu/Số giấy chứng nhận ĐKKD) | C9: Char | D9: E6:E65534 | E9: =B9 -> (7) Số CMND/ CCCD/ Hộ chiếu/Số giấy chứng nhận ĐKKD) | F9: Bắt buộc nhập | G9: Cho phép tối đa 100 kí tự
A10: 8 | B10: (8) MST | C10: Char | D10: F6:F65534 | E10: =B10 -> (8) MST | F10: Không bắt buộc | G10: Cho phép tối đa 100 kí tự
A11: 9 | B11: (9) Email liên hệ | C11: Char | D11: G6:G65534 | E11: =B11 -> (9) Email liên hệ | F11: Không bắt buộc | G11: Cho phép tối đa 100 kí tự
A12: 10 | B12: (10) Số điện thoại liên hệ | C12: Char | D12: H6:H65534 | E12: =B12 -> (10) Số điện thoại liên hệ | F12: Bắt buộc nhập | G12: Cho phép tối đa 100 kí tự
A13: 11 | B13: (11) Quốc gia | C13: Char | D13: I6:I65534 | E13: =B13 -> (11) Quốc gia | F13: Không bắt buộc | G13: Cho phép tối đa 100 kí tự
A14: 12 | B14: (12) Tỉnh/thành phố | C14: Char | D14: I6:I65534 | E14: =B14 -> (12) Tỉnh/thành phố | F14: Không bắt buộc | G14: Cho phép tối đa 100 kí tự
A15: 13 | B15: (13) Quận/huyện | C15: Char | D15: J6:J65534 | E15: =B15 -> (13) Quận/huyện | F15: Không bắt buộc | G15: Cho phép tối đa 100 kí tự
A16: 14 | B16: (14) Phường/xã/thị trấn | C16: Char | D16: K6:K65534 | E16: =B16 -> (14) Phường/xã/thị trấn | F16: Không bắt buộc | G16: Cho phép tối đa 100 kí tự
A17: 15 | B17: (15) Số nhà đường, phố | C17: Char | D17: X40:X65534 | E17: =B17 -> (15) Số nhà đường, phố | F17: Không bắt buộc | G17: Cho phép tối đa 100 kí tự
A18: 16 | B18: (16) Số tài khoản | C18: Char | E18: =B18 -> (16) Số tài khoản | F18: Không bắt buộc | G18: Cho phép tối đa 100 kí tự
A19: 17 | B19: (17) Chủ tài khoản | C19: Char | E19: =B19 -> (17) Chủ tài khoản | F19: Không bắt buộc | G19: Cho phép tối đa 100 kí tự
A20: 18 | B20: (18) Tên ngân hàng | C20: Char | E20: =B20 -> (18) Tên ngân hàng | F20: Không bắt buộc | G20: Cho phép tối đa 100 kí tự
A21: 19 | B21: (19) Sử dụng dịch vụ vận chuyển kèm thu tiền hộ (COD) | C21: Num(20) | E21: =B21 -> (19) Sử dụng dịch vụ vận chuyển kèm thu tiền hộ (COD) | F21: Không bắt buộc | G21: Nhập số
A22: 20 | B22: (20) Sử dụng dịch vụ vận chuyển không kèm thu tiền hộ | C22: Num(20) | E22: =B22 -> (20) Sử dụng dịch vụ vận chuyển không kèm thu tiền hộ | F22: Không bắt buộc | G22: Nhập số
A23: 21 | B23: (21) Tổng giá trị đơn vị vận chuyển đã thu tiền hộ (COD) | C23: Num(20) | E23: =B23 -> (21) Tổng giá trị đơn vị vận chuyển đã thu tiền hộ (COD) | F23: Không bắt buộc | G23: Nhập số
A24: 22 | B24: (22) Tổng phí dịch vụ vận chuyển thu được của khách hàng sử dụng dịch vụ vận chuyển | C24: Num(20) | E24: =B24 -> (22) Tổng phí dịch vụ vận chuyển thu được của khách hàng sử dụng dịch vụ vận chuyển | F24: Không bắt buộc | G24: Nhập số
